{
  "method_name": "hyde",
  "dataset_name": "loogle",
  "split": "test",
  "run_name": "loogle_retrieval_ablation_hyde",
  "average_chunk_tokens": 479.371362048894,
  "n_queries": 534,
  "gold_recall@5": 0.703900580552,
  "gold_mrr@5": 0.498113207547,
  "gold_ndcg@5": 0.549177626211,
  "silver_loose_recall@5": 0.375,
  "silver_loose_mrr@5": 0.333333333333,
  "silver_loose_ndcg@5": 0.326643399096,
  "union_loose_recall@5": 0.701436905791,
  "union_loose_mrr@5": 0.496878901373,
  "union_loose_ndcg@5": 0.547510703162,
  "gold_hit@5": 0.711320754717,
  "silver_strict_hit@5": 0.25,
  "strict_union_hit@5": 0.707865168539,
  "gold_recall@10": 0.810867198839,
  "gold_mrr@10": 0.512280622941,
  "gold_ndcg@10": 0.583687541933,
  "silver_loose_recall@10": 0.5,
  "silver_loose_mrr@10": 0.369047619047,
  "silver_loose_ndcg@10": 0.377738998493,
  "union_loose_recall@10": 0.808538605589,
  "union_loose_mrr@10": 0.511207716545,
  "union_loose_ndcg@10": 0.582144856214,
  "gold_hit@10": 0.816981132075,
  "silver_strict_hit@10": 0.25,
  "strict_union_hit@10": 0.812734082397
}
