{
  "method_name": "hyde",
  "dataset_name": "qasper",
  "split": "test",
  "run_name": "qasper_retrieval_ablation_hyde",
  "average_chunk_tokens": 456.98224852071,
  "n_queries": 80,
  "gold_recall@5": 0.890170940171,
  "gold_mrr@5": 0.595299145299,
  "gold_ndcg@5": 0.647635058508,
  "silver_loose_recall@5": 0.800595238095,
  "silver_loose_mrr@5": 0.654166666667,
  "silver_loose_ndcg@5": 0.632786101287,
  "union_loose_recall@5": 0.872083333333,
  "union_loose_mrr@5": 0.636875,
  "union_loose_ndcg@5": 0.662907997208,
  "gold_hit@5": 0.974358974359,
  "silver_strict_hit@5": 0.642857142857,
  "strict_union_hit@5": 0.975
}
